{
  "webSettings": {
    "defaultBrowser": "CHROME",
    "baseUrl": "https://heuk.stg-projects.com/",
    "elementWaitTimeout": 20,
    "enableProxy": true,
    "remoteUrl": "http://selenoid:4444/wd/hub",
    "runMode": "local",

    "chrome": {
      "headless": false,
      "incognito": true,
      "args": ["--disable-popup-blocking", "--start-maximized"]
    },

    "firefox": {
      "headless": false,
      "args": ["--width=1920", "--height=1080"]
    },

    "edge": {
      "headless": false,
      "args": []
    },

    "opera": {
      "headless": false,
      "args": []
    },

    "internetExplorer": {
      "headless": false,
      "args": []
    },

    "safari": {
      "headless": false,
      "args": []
    }
  }
}
